hole_id,tg_th,tg_ph,tg_p,tg_vz,sieve_r,gem_r,r_prime,gem_ph,phi_prime
23,0.0186137,1.33012,1670.51,-3926.94,72.6656,963.223,0.0546385,1.29844,-0.000553416
