hole_id,tg_th,tg_ph,tg_p,tg_vz,sieve_r,gem_r,r_prime,gem_ph,phi_prime
51,0.0133762,-2.35529,1607.03,-3894.08,54.7792,1006.53,0.0605786,3.8862,-0.00269338
51,0.0115417,-2.38184,10999.3,-4750.19,56.2295,892.517,0.0580957,3.90662,-0.00174595
