hole_id,tg_th,tg_ph,tg_p,tg_vz,sieve_r,gem_r,r_prime,gem_ph,phi_prime
53,0.0115101,-2.26929,7847.69,-4578.42,52.938,931.975,0.0578075,4.00007,-0.000540308
53,0.0121002,-2.16235,10999.2,-4295.41,53.5036,953.041,0.0586871,4.10471,3.96367e-05
53,0.0182426,-2.51284,10998.2,-4521.32,75.8805,924.101,0.0545698,4.11043,0.000466277
