hole_id,tg_th,tg_ph,tg_p,tg_vz,sieve_r,gem_r,r_prime,gem_ph,phi_prime
32,0.0150738,2.35847,6488.59,-3904.99,60.6622,746.474,0.0466355,2.44396,0.00213047
32,0.0148529,2.34895,6012.13,-3958.05,61.0556,756.931,0.0474036,2.43524,0.00198235
32,0.0145094,2.32752,6110.04,-3976.6,60.3625,756.24,0.0476984,2.44636,0.00151812
32,0.00931992,2.29621,10443.6,-4189.12,38.8452,888.658,0.0641441,2.37642,0.00114737
32,0.0120462,2.47678,10745.6,-5015.35,62.4469,760.531,0.0494324,2.45802,0.00221049
32,0.0115805,2.34652,10999.3,-5077,60.9544,745.892,0.0490986,2.43739,0.00213464
32,0.0126881,2.37569,10999.1,-4590.95,59.807,774.771,0.0491386,2.40044,0.00180556
32,0.0183924,2.10309,10998.1,-4209.15,79.0979,990.438,0.0587551,2.34386,0.00152232
32,0.0112895,2.36904,10995.5,-5005.11,60.2983,733.213,0.0479416,2.4224,0.00200881
