hole_id,tg_th,tg_ph,tg_p,tg_vz,sieve_r,gem_r,r_prime,gem_ph,phi_prime
53,0.0183027,-2.23516,4713.64,-4195.35,77.1976,769.217,0.0442685,4.06706,0.000513246
53,0.0176803,-2.24232,10803.5,-4282.35,78.7634,765.983,0.0459165,4.04135,-0.000212323
53,0.0157988,-2.31571,10998.6,-4957.98,79.356,769.187,0.0499668,4.00864,-0.000327944
53,0.0180777,-2.23473,5198.79,-4222.16,76.7829,771.684,0.0448288,4.03815,-0.000127155
