hole_id,tg_th,tg_ph,tg_p,tg_vz,sieve_r,gem_r,r_prime,gem_ph,phi_prime
73,0.0195307,-0.613438,10998,-4111.26,82.9829,708.557,0.0362522,5.46605,-0.00416488
