hole_id,tg_th,tg_ph,tg_p,tg_vz,sieve_r,gem_r,r_prime,gem_ph,phi_prime
13,0.0192233,0.589009,10975.4,-4199.96,82.9021,766.98,0.0431325,0.752999,0.00419299
13,0.0169294,0.616856,10937.7,-4959.93,83.1146,745.009,0.0437908,0.741469,0.00415221
13,0.01615,0.587688,10998.6,-4803.89,80.6945,728.913,0.0429891,0.762142,0.00414581
13,0.0189053,0.587875,3137.71,-4114.55,82.802,818.227,0.0457079,0.754352,0.00493019
13,0.0187277,0.61549,4139.83,-4180.59,82.3133,775.986,0.0434034,0.778568,0.0047272
13,0.0189001,0.626862,3715.74,-4095.55,80.883,796.09,0.0444784,0.748689,0.00421861
13,0.0189469,0.543106,3677.9,-4286.16,82.5061,796.075,0.0449166,0.756198,0.00464704
13,0.0200337,0.62845,3324.65,-4019.42,81.467,808.717,0.045437,0.785383,0.00578991
13,0.0208595,0.602343,2458.7,-3912.99,81.3137,855.088,0.0469051,0.752485,0.00550338
