hole_id,tg_th,tg_ph,tg_p,tg_vz,sieve_r,gem_r,r_prime,gem_ph,phi_prime
23,0.0154979,1.31744,8269.6,-4669.15,73.0272,790.682,0.0484659,1.28822,-0.000759072
