hole_id,tg_th,tg_ph,tg_p,tg_vz,sieve_r,gem_r,r_prime,gem_ph,phi_prime
21,0.0104867,1.52797,10999.4,-5067.49,55.7068,768.764,0.0524261,1.27134,-0.00110461
21,0.00960735,1.16211,10999.5,-5121.58,47.2186,888.082,0.0623137,1.2639,-0.000635492
21,0.00997266,1.27939,10999.4,-4833.94,48.6353,740.576,0.051477,1.24213,-0.000681788
21,0.0171737,1.47537,2038.6,-4379.85,71.5863,936.766,0.0544016,1.33983,0.000160807
21,0.0142637,1.32867,10998.2,-4840.06,73.3044,865.215,0.0534801,1.33333,-1.30815e-05
21,0.0105715,1.09327,6368.17,-4184.97,46.509,787.11,0.0540694,1.20689,-0.000987898
21,0.0102108,1.11764,10999.4,-5049.44,47.6284,755.043,0.0533707,1.22358,-0.000820974
