hole_id,tg_th,tg_ph,tg_p,tg_vz,sieve_r,gem_r,r_prime,gem_ph,phi_prime
31,0.00830915,2.28198,10827.5,-4555.82,37.7049,748.224,0.0552643,2.25742,0.000134495
31,0.00774871,2.17068,10999.6,-5004.8,37.975,745.207,0.0554989,2.22642,7.94621e-05
