hole_id,tg_th,tg_ph,tg_p,tg_vz,sieve_r,gem_r,r_prime,gem_ph,phi_prime
53,0.0147456,-2.2327,10998.8,-5096.37,76.5358,767.405,0.0468525,4.03323,-0.000381045
53,0.0187325,-2.23035,4068.85,-4006.09,77.2394,795.139,0.0457909,4.07228,0.000615289
53,0.0156511,-2.25994,9805.99,-4739.06,76.5732,775.382,0.0466652,4.04809,0.000193455
53,0.017842,-2.2261,10998.3,-4143.44,75.7744,736.577,0.0457476,4.004,-0.000454359
53,0.0168709,-2.27102,4527.63,-4915.81,79.0663,780.498,0.0466226,4.00605,-0.000832879
