hole_id,tg_th,tg_ph,tg_p,tg_vz,sieve_r,gem_r,r_prime,gem_ph,phi_prime
73,0.00874121,-0.369505,10999.6,-5049.44,43.0101,895.145,0.0631821,5.63987,-0.00184828
73,0.00956495,-0.57207,5577.1,-4176.24,40.5375,967.554,0.0658362,5.62615,-0.00233072
